post_title,post_name,post_parent,ID,post_content,post_excerpt,post_status,post_password,menu_order,post_date,post_author,comment_status,sku,parent_sku,children,downloadable,virtual,stock,regular_price,sale_price,weight,length,width,height,tax_class,visibility,stock_status,backorders,sold_individually,low_stock_amount,manage_stock,tax_status,upsell_ids,crosssell_ids,purchase_note,sale_price_dates_from,sale_price_dates_to,download_limit,download_expiry,product_url,button_text,images,downloadable_files,product_page_url
"DuÅ¡o Å¾elÄ— â€œMergina iÅ¡ parakoâ€, 250 ml",duso-zele-mergina-is-parako-250-ml,,288,"Naudojimas: reikiamÄ… kiekÄ¯ priemonÄ—s sukamaisiais judesiais tepkite ant sudrÄ—kintos odos. Ä®trinkite ir nuplaukite.","<div class=""woocommerce-tabs wc-tabs-wrapper"">
<div id=""tab-description"" class=""panel entry-content wc-tab"">
<div class=""row"">
<div class=""large-10 large-centered columns"">Yra merginÅ³, kurios tarsi iÅ¡ pieno plaukusios â€“ jÅ³ oda plonytÄ—, nuo jÅ³ dulkes reikia pÅ«sti. O mes kitokios, mes norime Å¡arvÅ³, nes mes eisime kovoti. UÅ¾ save, uÅ¾ vaikus, uÅ¾ kitus â€“ uÅ¾ visus! MERGINOS IÅ  PARAKO, pasiruoÅ¡usios kovoti? Visos uÅ¾ vienÄ… ir viena uÅ¾ visas? Kartu! Natos: Ä„Å¾uolo ir burbono.</div>
</div>
</div>
</div>",publish,,0,"2021-04-02 15:16:17",1,open,,,,no,no,,4.09,,,,,,,,instock,no,no,,no,taxable,,,,,,'-1,'-1,,,"https://jagelaviciute.lt/wp-content/uploads/2021/04/duso-zele.jpeg ! alt :  ! title : duso-zele ! desc :  ! caption :  | https://jagelaviciute.lt/wp-content/uploads/2021/04/90292969_1600299313452523_6240638625558560768_o.jpeg ! alt :  ! title : 90292969_1600299313452523_6240638625558560768_o ! desc :  ! caption : ",,https://jagelaviciute.lt/produktas/duso-zele-mergina-is-parako-250-ml/
"Juodos vonios putos â€Mergina iÅ¡ parakoâ€œ, 400 ml",juodos-vonios-putos-mergina-is-parako-400-ml,,302,"Naudojimas: Ä¯pilkite nedidelÄ¯ kiekÄ¯ priemonÄ—s Ä¯ voniÄ… po tekanÄiu vandeniu ir palaukite kol susidarys putos. PrieÅ¡ naudojimÄ… suplakite. Naudokite tik pagal paskirtÄ¯.","<div class=""woocommerce-tabs wc-tabs-wrapper"">
<div id=""tab-description"" class=""panel entry-content wc-tab"">
<div class=""row"">
<div class=""large-10 large-centered columns"">Net ir stipriausios kartais netenka jeÌ‡guÌ¨, o tada reikia tylos, reikia ramybeÌ‡s, reikia kelio sugriÌ¨zÌŒti iÌ¨ save. Pasinerti iÌ¨ sÌŒvelnumo ir begalybeÌ‡s bangas. Prisiminti, kur eini, kam ir kodeÌ‡l, prisiminti, kad svarbiausia kova â€“ UZÌŒ VISAS. Juodos spalvos putos â€“ tai priminimas, kad Tu esi iÅ¡skirtinÄ—, Tu â€“ kovotoja. MERGINOS IÅ  PARAKO, nepamirsÌŒkite saveÌ¨s!</div>
</div>
</div>
</div>",publish,,0,"2021-04-02 15:36:01",1,open,,,,no,no,,4.69,,,,,,,,instock,no,no,,no,taxable,,,,,,'-1,'-1,,,"https://jagelaviciute.lt/wp-content/uploads/2021/04/juodos-vonios-putos-green-feels-agne-jagelaviciute-1.jpeg ! alt :  ! title : juodos-vonios-putos-green-feels-agne-jagelaviciute-1 ! desc :  ! caption :  | https://jagelaviciute.lt/wp-content/uploads/2021/04/90292969_1600299313452523_6240638625558560768_o.jpeg ! alt :  ! title : 90292969_1600299313452523_6240638625558560768_o ! desc :  ! caption : ",,https://jagelaviciute.lt/produktas/juodos-vonios-putos-mergina-is-parako-400-ml/
"Juodas rankÅ³ muilas â€Mergina iÅ¡ parakoâ€œ, 400 ml",juodas-ranku-muilas-mergina-is-parako-400-ml,,304,,"<div class=""woocommerce-tabs wc-tabs-wrapper"">
<div id=""tab-description"" class=""panel entry-content wc-tab"">
<div class=""row"">
<div class=""large-10 large-centered columns"">Yra mergaitÄ—s baltom rankelÄ—m, jos Å¡velnios ir minkÅ¡tos, sukurtos myluot, jos jautrios ir baigÅ¡Äios, jas saugoti reikia. O mums tai nÄ— motais. MÅ«sÅ³ rankos tam, kad kurtume, kad statytume ateitÄ¯, jos tam, kad paverstume pelenus auksu. Be baimÄ—s, kad teks ir iÅ¡Å¡sitept. Bet geriausia â€“ mes Å¾inome, kad purvas, jis lengvai nusiplauna, bet padaryti Å¾ygdarbiai liks amÅ¾inai. Merginos iÅ¡ parako, keliaujam Ä¯ Å¾ygÄ¯ kartu?</div>
</div>
</div>
</div>",publish,,0,"2021-04-02 15:37:59",1,open,,,,no,no,,4.09,,,,,,,,instock,no,no,,no,taxable,,,,,,'-1,'-1,,,"https://jagelaviciute.lt/wp-content/uploads/2021/04/green-feels-ranku-muilas-agne-jagelaviciute-665psd.jpeg ! alt :  ! title : green-feels-ranku-muilas-agne-jagelaviciute-665psd ! desc :  ! caption : ",,https://jagelaviciute.lt/produktas/juodas-ranku-muilas-mergina-is-parako-400-ml/
"Knyga ""Tu turi kÄ… apsirengti""",knyga-tu-turi-ka-apsirengti,,311,"Pavadinimas: Tu turi kÄ… apsirengti
Autorius: AgnÄ— JagelaviÄiÅ«tÄ—
Leidimo metai: 2019
PuslapiÅ³ skaiÄius: 272
ISBN: 978-609-96122-0-1
LeidÄ—jas: Ko nesugeba kiti, UAB
VirÅ¡elio tipas: kietas

Knygos pristatymas:
a) nemokamas Ä¯Â <strong><a href=""https://www.dpd.com/lt/pradzia/pickup_tinklas2/siuntu_taskai_ir_terminalai"" target=""_blank"" rel=""noopener noreferrer"">DPD Pickup siuntÅ³ taÅ¡kÄ…</a></strong>;
b) Ä¯ namus/biurÄ… Lietuvoje (iÅ¡skyrus NeringÄ…) â€“ tik 2,42 Eur.","StilistÄ—, kostiumÅ³ dailininkÄ—, mados Å¾urnalo â€Lâ€™Officiel Lithuaniaâ€œ vyriausioji redaktorÄ—, interneto ikona, kulinariniÅ³ knygÅ³ autorÄ— bei viena ryÅ¡kiausiÅ³ Ä¯takos darytojÅ³ Lietuvoje pristato knygÄ… apie stiliÅ³ â€Tu turi kÄ… apsirengtiâ€œ. â€œJei, kaip aÅ¡, tiki, kad stilius nepalyginamai svarbiau uÅ¾ madÄ…, jei nori dar kartÄ… prisiminti taisykles, kurias per ilgÄ… laikÄ… sugalvojo Å¾monija, jei nori pasitarti, kuriÅ³ iÅ¡ jÅ³ verta laikytis, o kurios â€“ nevykÄ™s atsitiktinumas, jei nori susitvarkyti savo drabuÅ¾inÄ™ ir susidÄ—lioti akcentus, kad ir vÄ—l nestovÄ—tum kambaryje su krÅ«va drabuÅ¾iÅ³ ant Å¾emÄ—s galvodama, kad ir vÄ—l neturi kÄ… apsirengti, â€“ Å¡i knyga tauâ€, â€“ Ä¯ lengvÄ… pokalbÄ¯ apie stiliÅ³ kvieÄia A. JagelaviÄiÅ«tÄ—.

Knygoje autorÄ— kalba ne apie mados tendencijas, o apie pagrindines stiliaus taisykles â€“ jau egzistuojanÄias ir paÄios sukurtas. Tai ji atskleidÅ¾ia pasakodama apie savo paÄios stiliÅ³, jo paieÅ¡kas, apie tai, kÄ… su kuo derinti ir kaip neleisti pinigÅ³ vÄ—jais, apie Ä¯kvÄ—pimÄ…, apimantÄ¯ atvÄ—rus mamos ar moÄiutÄ—s spintÄ…. Nelieka nepaliestos ir intymios patirtys, susijusios su plastinÄ—mis operacijomis, tatuiruotÄ—mis. Knygoje â€“ ieÅ¡kojimai ir patirtys, atvedusios autorÄ™ Ä¯ sÄ—kmingiausiÅ³jÅ³, populiariausiÅ³jÅ³ bei stilingiausiÅ³jÅ³ gretas.",publish,,0,"2021-04-02 15:44:11",1,open,,,,no,no,,21.80,19.50,,,,,,,instock,no,no,,no,taxable,,,,,,'-1,'-1,,,"https://jagelaviciute.lt/wp-content/uploads/2021/04/knyga_3d_befono.png ! alt :  ! title : knyga_3d_befono ! desc :  ! caption : ",,https://jagelaviciute.lt/produktas/knyga-tu-turi-ka-apsirengti/
"OVERSIZE vieno dydÅ¾io vaikiÅ¡ki MAMA marÅ¡kinÄ—liai",oversize-vieno-dydzio-vaikiski-mama-marskineliai,,1099,"<div>MAMA! Sunku bÅ«tÅ³ rasti prasmingesnÄ¯ Å¾odÄ¯ Å¡iame pasaulyje. NÄ— vieno mÅ«sÅ³ Äia nebÅ«tÅ³, jei ne ji. O kai Å¡Ä¯ Å¾odÄ¯, kad ir ne itin tiksliai, dar virpanÄia rankyte raÅ¡o tas, kuriam Å¡is Å¾odis graÅ¾iausias iÅ¡ visÅ³? AÄiÅ«, MAMOS, kad meile pasidalijote su manimi. Skoloje neliksiu.Â <span class=""pq6dq46d tbxw36s4 knj5qynh kvgmc6g5 ditlmg2l oygrvhab nvdbi5me sf5mxxl7 gl3lb2sf hhz5lgdu""><img src=""https://static.xx.fbcdn.net/images/emoji.php/v9/t3e/3/16/1f5a4.png"" alt=""ğŸ–¤"" width=""16"" height=""16"" /></span>Â Nauja kolekcija â€MAMAâ€œ â€“ jau prekyboje. SiunÄiame Ä¯ uÅ¾sienÄ¯. PrekiÅ³ kiekis ribotas. SudÄ—tis: Dydis : 100% organic medvilnÄ—</div>
<div></div>
<div>IÅ¡matavimai:</div>
<div>Ilgis nugaroje 45cm</div>
<div>Per krÅ«tinÄ™ 42cm x2</div>",,publish,,0,"2021-06-14 09:05:58",3,open,,,,no,no,9,19,15.2,,,,,,,instock,no,no,2,yes,taxable,,,,,,'-1,'-1,,,"https://jagelaviciute.lt/wp-content/uploads/2021/06/mama-marksineliai.jpeg ! alt :  ! title : mama marksineliai ! desc :  ! caption : ",,https://jagelaviciute.lt/produktas/oversize-vieno-dydzio-vaikiski-mama-marskineliai/
"Balti OVERSIZED marÅ¡kinÄ—liai INSOMNIAKÄ–",balti-oversized-marskineliai-insomniake,,1106,"UnikalÅ«s VIENA marÅ¡kinÄ—liai su AgnÄ—s JagelaviÄiÅ«tÄ—s pieÅ¡tu pieÅ¡iniu.

Limituoto leidimo
â€¢ Skalbti gerÄ…ja puse Ä¯ vidÅ³.
â€¢ Rekomenduojama skalbti 30Â°C temperatÅ«roje.
â€¢ Nerekomenduojama dÅ¾iovinti dÅ¾iovyklÄ—je.
â€¢ Rekomenduojama lyginti iÅ¡ vidinÄ—s pusÄ—s.
â€¢ Nerekomenduojama balinti.
â€¢ Apdailos detaliÅ³ nelyginti.
SudÄ—tis: 100% medvilnÄ—

&nbsp;

IÅ¡matavimai:

KrÅ«tinÄ—: 49 cm  /-1,5 cm

RankovÄ—s ilgis: 16 cm  /- 1 cm

Ilgis nugaroje: 86 cm  /- 2 cm",,publish,,0,"2021-06-14 09:42:50",1,closed,,,,no,no,0,49,35,,,,,,,outofstock,no,no,1,yes,taxable,,,,,,0,0,,,"https://jagelaviciute.lt/wp-content/uploads/2021/06/110583829_2624655641183019_6206067289946806282_n.png ! alt :  ! title : 110583829_2624655641183019_6206067289946806282_n.png ! desc :  ! caption :  | https://jagelaviciute.lt/wp-content/uploads/2021/06/109247338_1705915292890924_6661840082444923701_n.jpg ! alt :  ! title : 109247338_1705915292890924_6661840082444923701_n.jpg ! desc :  ! caption :  | https://jagelaviciute.lt/wp-content/uploads/2021/06/108218601_562992564586031_2592408638840941320_n.png ! alt :  ! title : 108218601_562992564586031_2592408638840941320_n.png ! desc :  ! caption :  | https://jagelaviciute.lt/wp-content/uploads/2021/06/110201407_734469890687528_1372338167919953836_n.png ! alt :  ! title : 110201407_734469890687528_1372338167919953836_n.png ! desc :  ! caption : ",,https://jagelaviciute.lt/produktas/balti-oversized-marskineliai-insomniake/
"Juodi OVERSIZED marÅ¡kinÄ—liai INSOMNIAKÄ–",juodi-oversized-marskineliai-insomniake,,1107,"UnikalÅ«s VIENA marÅ¡kinÄ—liai su AgnÄ—s JagelaviÄiÅ«tÄ—s pieÅ¡tu pieÅ¡iniu.

Limituoto leidimo
â€¢ Skalbti gerÄ…ja puse Ä¯ vidÅ³.
â€¢ Rekomenduojama skalbti 30Â°C temperatÅ«roje.
â€¢ Nerekomenduojama dÅ¾iovinti dÅ¾iovyklÄ—je.
â€¢ Rekomenduojama lyginti iÅ¡ vidinÄ—s pusÄ—s.
â€¢ Nerekomenduojama balinti.
â€¢ Apdailos detaliÅ³ nelyginti.
SudÄ—tis: 100% medvilnÄ—

&nbsp;

IÅ¡matavimai:

KrÅ«tinÄ—: 52 cm  /-1,5 cm

RankovÄ—s ilgis: 16,5 cm  /- 1 cm

Ilgis nugaroje: 88 cm  /- 2 cm",,private,,0,"2021-06-14 09:42:50",1,closed,,,,no,no,0,49,35,,,,,,,outofstock,no,no,1,yes,taxable,,,,,,0,0,,,"https://jagelaviciute.lt/wp-content/uploads/2021/06/108633926_610675576522213_301373555004146424_n.png ! alt :  ! title : 108633926_610675576522213_301373555004146424_n.png ! desc :  ! caption :  | https://jagelaviciute.lt/wp-content/uploads/2021/06/108218601_562992564586031_2592408638840941320_n.png ! alt :  ! title : 108218601_562992564586031_2592408638840941320_n.png ! desc :  ! caption :  | https://jagelaviciute.lt/wp-content/uploads/2021/06/110201407_734469890687528_1372338167919953836_n.png ! alt :  ! title : 110201407_734469890687528_1372338167919953836_n.png ! desc :  ! caption :  | https://jagelaviciute.lt/wp-content/uploads/2021/06/109247338_1705915292890924_6661840082444923701_n.jpg ! alt :  ! title : 109247338_1705915292890924_6661840082444923701_n.jpg ! desc :  ! caption :  | https://jagelaviciute.lt/wp-content/uploads/2021/06/110161998_346048659719898_8963929045218260122_n.png ! alt :  ! title : 110161998_346048659719898_8963929045218260122_n.png ! desc :  ! caption : ",,https://jagelaviciute.lt/produktas/juodi-oversized-marskineliai-insomniake/
"MedÅ¾iaginis maiÅ¡elis",medziaginis-maiselis-2,,1108,"MedÅ¾iaginis maiÅ¡elis, skirtas susidÄ—ti, apatiniams, piÅ¾amai, bateliams ir t.t.",,publish,,0,"2021-06-14 09:42:50",1,closed,10,,,no,no,7,19,,,,,,,,instock,no,no,,yes,taxable,,,,,,0,0,,,"https://jagelaviciute.lt/wp-content/uploads/2021/06/IZZIE-BAG-maisÌŒas.jpg ! alt :  ! title : IZZIE-BAG-maisÌŒas.jpg ! desc :  ! caption : ",,https://jagelaviciute.lt/produktas/medziaginis-maiselis-2/
"VAIKIÅ KAS DÅ½EMPERIS PINK",vaikiskas-dzemperis-pink,,1109,"SUDÄ–TIS:

85 % organinÄ— medvilnÄ—, 15 % perdirbtas poliesteris.

DYDÅ½IÅ² LENTELÄ–:

PusÄ— krutinÄ—s - 39 cm

Ilgis - 51,5 cm

RankovÄ—s ilgis - 53,5 cm",,publish,,0,"2021-06-14 09:42:50",1,closed,pink,,,no,no,11,39,29,,,,,,,instock,no,no,,yes,taxable,,,,,,0,0,,,"https://jagelaviciute.lt/wp-content/uploads/2021/06/118498210_1449917685205770_1076509073529351031_n.jpg ! alt :  ! title : 118498210_1449917685205770_1076509073529351031_n.jpg ! desc :  ! caption : ",,https://jagelaviciute.lt/produktas/vaikiskas-dzemperis-pink/
"VAIKIÅ KAS DÅ½EMPERIS black",vaikiskas-dzemperis-black,,1110,"SUDÄ–TIS:

85 % organinÄ— medvilnÄ—, 15 % perdirbtas poliesteris.

DYDÅ½IÅ² LENTELÄ–:

PusÄ— krutinÄ—s - 39 cm

Ilgis - 51,5 cm

RankovÄ—s ilgis - 53,5 cm",,publish,,0,"2021-06-14 09:42:50",1,closed,vaikiskasblack,,,no,no,12.000000,39,29,,,,,,,instock,no,no,,yes,taxable,,,,,,0,0,,,"https://jagelaviciute.lt/wp-content/uploads/2021/06/118468066_1075402592855070_1137398546395548462_n.jpg ! alt :  ! title : 118468066_1075402592855070_1137398546395548462_n.jpg ! desc :  ! caption :  | https://jagelaviciute.lt/wp-content/uploads/2021/06/Screenshot-2021-01-23-at-11.23.01.png ! alt :  ! title : Screenshot-2021-01-23-at-11.23.01.png ! desc :  ! caption : ",,https://jagelaviciute.lt/produktas/vaikiskas-dzemperis-black/
"PlaukÅ³ gumyÄiÅ³ rinkinys (4 vnt)",plauku-gumyciu-rinkinys-4-vnt-2,,1165,"MAMA! Sunku bÅ«tÅ³ rasti prasmingesnÄ¯ Å¾odÄ¯ Å¡iame pasaulyje. NÄ— vieno mÅ«sÅ³ Äia nebÅ«tÅ³, jei ne ji. O kai Å¡Ä¯ Å¾odÄ¯, kad ir ne itin tiksliai, dar virpanÄia rankyte raÅ¡o tas, kuriam Å¡is Å¾odis graÅ¾iausias iÅ¡ visÅ³? AÄiÅ«, MAMOS, kad meile pasidalijote su manimi. Skoloje neliksiu. <span class=""pq6dq46d tbxw36s4 knj5qynh kvgmc6g5 ditlmg2l oygrvhab nvdbi5me sf5mxxl7 gl3lb2sf hhz5lgdu""><img src=""https://static.xx.fbcdn.net/images/emoji.php/v9/t3e/3/16/1f5a4.png"" alt=""ğŸ–¤"" width=""16"" height=""16"" /></span> Nauja kolekcija â€MAMAâ€œ â€“ jau prekyboje. SiunÄiame Ä¯ uÅ¾sienÄ¯. PrekiÅ³ kiekis ribotas.

SavybÄ—s: dydis: universalus

SudÄ—tis: 100% organic medvilnÄ—

Komplekte keturiÅ³ spalvÅ³ plaukÅ³ gumytÄ—s.",,publish,,0,"2021-06-14 09:44:46",1,closed,gumytes,,,no,no,'-1,15,9,,,,,,,outofstock,no,no,,yes,taxable,,,,,,0,0,,,"https://jagelaviciute.lt/wp-content/uploads/2021/06/insta-fb-7652.jpg ! alt :  ! title : insta-fb-7652.jpg ! desc :  ! caption :  | https://jagelaviciute.lt/wp-content/uploads/2021/06/insta-fb-7656.jpg ! alt :  ! title : insta-fb-7656.jpg ! desc :  ! caption :  | https://jagelaviciute.lt/wp-content/uploads/2021/06/insta-fb-7654.jpg ! alt :  ! title : insta-fb-7654.jpg ! desc :  ! caption :  | https://jagelaviciute.lt/wp-content/uploads/2021/06/insta-fb-7660.jpg ! alt :  ! title : insta-fb-7660.jpg ! desc :  ! caption :  | https://jagelaviciute.lt/wp-content/uploads/2021/06/insta-fb-7657.jpg ! alt :  ! title : insta-fb-7657.jpg ! desc :  ! caption : ",,https://jagelaviciute.lt/produktas/plauku-gumyciu-rinkinys-4-vnt-2/
"Akiniai miegui ""MAMA""",akiniai-miegui-mama-2,,1175,"MAMA! Sunku bÅ«tÅ³ rasti prasmingesnÄ¯ Å¾odÄ¯ Å¡iame pasaulyje. NÄ— vieno mÅ«sÅ³ Äia nebÅ«tÅ³, jei ne ji. O kai Å¡Ä¯ Å¾odÄ¯, kad ir ne itin tiksliai, dar virpanÄia rankyte raÅ¡o tas, kuriam Å¡is Å¾odis graÅ¾iausias iÅ¡ visÅ³? AÄiÅ«, MAMOS, kad meile pasidalijote su manimi. Skoloje neliksiu. <span class=""pq6dq46d tbxw36s4 knj5qynh kvgmc6g5 ditlmg2l oygrvhab nvdbi5me sf5mxxl7 gl3lb2sf hhz5lgdu""><img src=""https://static.xx.fbcdn.net/images/emoji.php/v9/t3e/3/16/1f5a4.png"" alt=""ğŸ–¤"" width=""16"" height=""16"" /></span> Nauja kolekcija â€MAMAâ€œ â€“ jau prekyboje. SiunÄiame Ä¯ uÅ¾sienÄ¯. PrekiÅ³ kiekis ribotas.

SudÄ—tis: Dydis : 100% organic medvilnÄ—

Dydis : universalus
plotis 21cm, aukÅ¡tis 10,5cm",,publish,,0,"2021-06-14 09:45:17",1,closed,akiniai,,,no,no,33,24,,,,,,,,instock,notify,no,,yes,taxable,,,,,,0,0,,,"https://jagelaviciute.lt/wp-content/uploads/2021/06/LU_1590-scaled-1.jpg ! alt :  ! title : LU_1590-scaled-1.jpg ! desc :  ! caption :  | https://jagelaviciute.lt/wp-content/uploads/2021/06/insta-fb-7649.jpg ! alt :  ! title : insta-fb-7649.jpg ! desc :  ! caption :  | https://jagelaviciute.lt/wp-content/uploads/2021/06/insta-fb-7648.jpg ! alt :  ! title : insta-fb-7648.jpg ! desc :  ! caption :  | https://jagelaviciute.lt/wp-content/uploads/2021/06/insta-fb-7646.jpg ! alt :  ! title : insta-fb-7646.jpg ! desc :  ! caption :  | https://jagelaviciute.lt/wp-content/uploads/2021/06/insta-fb-7645.jpg ! alt :  ! title : insta-fb-7645.jpg ! desc :  ! caption : ",,https://jagelaviciute.lt/produktas/akiniai-miegui-mama-2/
"Oversize moteriÅ¡kas chalatas ""MAMA""",oversize-moteriskas-chalatas-mama,,1189,"<div class=""j83agx80 l9j0dhe7 du4w35lb aovydwv3 do00u71z"">
<div class=""l9j0dhe7 i09qtzwb esma6hys j83agx80"" data-pagelet=""ChatTab"">
<div class=""nred35xi ue3kfks5 pw54ja7n jinzq4gt mrjvor2e eu4i7hue jq4qci2q a3bd9o3v ni8dbmo4 stjgntxs gu00c43d jbcpqwzg fh5enmmv kwja4m9d la0exbxb l8e2pc74"" role=""region"" aria-label=""Chat with Klementina PuolikaitÄ—-GuobÄ—"" data-testid=""mwchat-tab"">
<div class=""iqfcb0g7 tojvnm2t a6sixzi8 k5wvi7nf q3lfd5jv pk4s997a bipmatt0 cebpdrjk qowsmv63 owwhemhu dp1hu0rb dhp61c6y l9j0dhe7 iyyx5f41 a8s20v7p"" tabindex=""-1"">
<div class=""datstx6m iqfcb0g7"" tabindex=""-1"">
<div class=""datstx6m j83agx80 cbu4d94t ni8dbmo4 stjgntxs fbhpx0h9"">
<div class=""rj1gh0hx buofh1pr j83agx80 cbu4d94t l9j0dhe7 du4w35lb"">
<div class=""rq0escxv buofh1pr l9j0dhe7 j83agx80 cbu4d94t"">
<div class=""rj1gh0hx buofh1pr j83agx80 l9j0dhe7 cbu4d94t ni8dbmo4 stjgntxs"">
<div class=""rj1gh0hx buofh1pr l9j0dhe7 j83agx80 cbu4d94t agkhgkm8"">
<div class=""rj1gh0hx buofh1pr ni8dbmo4 stjgntxs j83agx80 cbu4d94t"">
<div class=""buofh1pr j83agx80 eg9m0zos ni8dbmo4 cbu4d94t gok29vw1"">
<div class="""">
<div role=""grid"" data-visualcompletion=""ignore-dynamic"" aria-label=""Å½inutÄ—s"">
<div class=""j83agx80 jwdofwj8 pby63qed"" data-testid=""incoming_group"">
<div class=""rj1gh0hx buofh1pr hpfvmrgz"">
<div role=""row"">
<div class="""">
<div class=""j83agx80 cbu4d94t"">
<div class=""j83agx80"">
<div class=""jn8vp64t l9j0dhe7 hpfvmrgz"">
<div class=""lzcic4wl"" tabindex=""0"" role=""gridcell"" data-scope=""messages_table"" data-recover=""true"">
<div class=""ni8dbmo4 stjgntxs g5ia77u1 ii04i59q"" aria-owns=""jsc_c_ll"" data-testid=""messenger_incoming_text_row"">
<div class=""l60d2q6s d1544ag0 sj5x9vvc tw6a2znq l9j0dhe7 ni8dbmo4 stjgntxs qlfml3jp inkptoze e72ty7fz qmr60zad jm1wdb64 qv66sw1b ljqsnud1 g6srhlxm odn2s2vf"">
<div class=""oo9gr5id"" dir=""auto"">MAMA! Sunku bÅ«tÅ³ rasti prasmingesnÄ¯ Å¾odÄ¯ Å¡iame pasaulyje. NÄ— vieno mÅ«sÅ³ Äia nebÅ«tÅ³, jei ne ji. O kai Å¡Ä¯ Å¾odÄ¯, kad ir ne itin tiksliai, dar virpanÄia rankyte raÅ¡o tas, kuriam Å¡is Å¾odis graÅ¾iausias iÅ¡ visÅ³? AÄiÅ«, MAMOS, kad meile pasidalijote su manimi. Skoloje neliksiu. <span class=""pq6dq46d tbxw36s4 knj5qynh kvgmc6g5 ditlmg2l oygrvhab nvdbi5me sf5mxxl7 gl3lb2sf hhz5lgdu""><img src=""https://static.xx.fbcdn.net/images/emoji.php/v9/t3e/3/16/1f5a4.png"" alt=""ğŸ–¤"" width=""16"" height=""16"" /></span> Nauja kolekcija â€MAMAâ€œ â€“ jau prekyboje.Â  SiunÄiame Ä¯ uÅ¾sienÄ¯. PrekiÅ³ kiekis ribotas.</div>
</div>
</div>
</div>
</div>
</div>
</div>
</div>
</div>
</div>
</div>
</div>
</div>
</div>
</div>
</div>
</div>
</div>
</div>
</div>
</div>
</div>
</div>
</div>
</div>
Chalatas pasiÅ«tas iÅ¡ 100% organic bambuko, kapiÅ¡onas, rankogaliai ir atvartas pasiÅ«tas iÅ¡ 100% organic medvilnÄ—s

*SavybÄ—s - oversize modelis, kiÅ¡enÄ—s, su dirÅ¾eliu

ilgis nugaroje 128cm, rankovÄ—s ilgis nuo peties 70cm (pilnai atlenkta), plotis nugaroje per krÅ«tinÄ— 68cm, priekiniai atlapai po 41cm",,publish,,0,"2021-06-14 09:45:43",1,closed,chalatas,,,no,no,0,99,79,,,,,,,outofstock,no,no,,yes,taxable,,,,,,0,0,,,"https://jagelaviciute.lt/wp-content/uploads/2021/06/LU_452_1-scaled-1.jpg ! alt :  ! title : LU_452_1-scaled-1.jpg ! desc :  ! caption :  | https://jagelaviciute.lt/wp-content/uploads/2021/06/insta-fb-7692.jpg ! alt :  ! title : insta-fb-7692.jpg ! desc :  ! caption :  | https://jagelaviciute.lt/wp-content/uploads/2021/06/insta-fb-7681.jpg ! alt :  ! title : insta-fb-7681.jpg ! desc :  ! caption :  | https://jagelaviciute.lt/wp-content/uploads/2021/06/LU_559_1-scaled-1.jpg ! alt :  ! title : LU_559_1-scaled-1.jpg ! desc :  ! caption : ",,https://jagelaviciute.lt/produktas/oversize-moteriskas-chalatas-mama/
"RankÅ³ kremas ""Mergina iÅ¡ parako"", 75 ml",ranku-kremas-mergina-is-parako-75-ml,,1242,"Tos kitos mergaitÄ—s padarytos iÅ¡ cukraus vatos ir gÄ—liÅ³. Jos puoÅ¡ia pasaulÄ¯ savo Å¡velniu groÅ¾iu, kvepia vaisiais ir marcipanais, jos kas dienÄ… primena, kad gleÅ¾numas - amÅ¾ina vertybÄ—... O mums tai nÄ— motais. Mes padarytos iÅ¡ druskos, pipirÅ³ ir parako. Mes nelaukiam, kol mums bus duotas leidimas. Mes sukurtos ne puoÅ¡ti, o laimÄ—ti, net jei sulauksime Å¾aizdÅ³. Ir mes galime atsiremti viena Ä¯ kitÄ…. Eime Ä¯ Å¾valgybÄ…, merginos iÅ¡ parako? Kartu.

Naudojimas: reikiamÄ… kiekÄ¯ kremo Ä¯masaÅ¾uokite Ä¯ Å¡variÄ… rankÅ³ odÄ….",,publish,,0,"2021-06-14 09:47:49",1,closed,ajkremas,,,no,no,,3.27,,,,,,,,instock,no,no,,no,taxable,,,,,,0,0,,,"https://jagelaviciute.lt/wp-content/uploads/2021/06/ranku-kremas.jpg ! alt :  ! title : ranku-kremas.jpg ! desc :  ! caption :  | https://jagelaviciute.lt/wp-content/uploads/2021/06/90292969_1600299313452523_6240638625558560768_o.jpg ! alt :  ! title : 90292969_1600299313452523_6240638625558560768_o.jpg ! desc :  ! caption : ",,https://jagelaviciute.lt/produktas/ranku-kremas-mergina-is-parako-75-ml/
"Baltas UNISEX dÅ¾emperis ""Fragile like a bomb""",baltas-unisex-dzemperis-fragile-like-a-bomb,,1274,"UnikalÅ«s dÅ¾emperiai su AgnÄ—s JagelaviÄiÅ«tÄ—s pieÅ¡tu pieÅ¡iniu.
<ul>
 	<li>Skalbti gerÄ…ja puse Ä¯ vidÅ³.</li>
 	<li>Rekomenduojama skalbti 30Â°C temperatÅ«roje.</li>
 	<li>Nerekomenduojama dÅ¾iovinti dÅ¾iovyklÄ—je.</li>
 	<li>Rekomenduojama lyginti iÅ¡ vidinÄ—s pusÄ—s.</li>
 	<li>Nerekomenduojama balinti.</li>
 	<li>Apdailos detaliÅ³ nelyginti.</li>
 	<li>SudÄ—tis: 80% medvilnÄ—, 20% poliesteris.</li>
 	<li>Iki pirmo skalbimo gali pÅ«kuotis dÅ¾emperio vidinÄ—je pusÄ—je esanti medÅ¾iaga.</li>
</ul>",,publish,,0,"2021-06-14 09:48:49",1,closed,,,,no,no,,69,,,,,,,,instock,no,no,,no,taxable,,,,,,0,0,,,"https://jagelaviciute.lt/wp-content/uploads/2021/06/Fragile_AJ-scaled-1.jpg ! alt :  ! title : Fragile_AJ-scaled-1.jpg ! desc :  ! caption : ",,https://jagelaviciute.lt/produktas/baltas-unisex-dzemperis-fragile-like-a-bomb/
"Raudonas UNISEX dÅ¾emperis ""Diagnosis: INLOVE""",raudonas-unisex-dzemperis-diagnosis-inlove,,1275,"UnikalÅ«s dÅ¾emperiai su AgnÄ—s JagelaviÄiÅ«tÄ—s pieÅ¡tu pieÅ¡iniu.
Limituoto leidimo.
<ul>
 	<li>Skalbti gerÄ…ja puse Ä¯ vidÅ³.</li>
 	<li>Rekomenduojama skalbti 30Â°C temperatÅ«roje.</li>
 	<li>Nerekomenduojama dÅ¾iovinti dÅ¾iovyklÄ—je.</li>
 	<li>Rekomenduojama lyginti iÅ¡ vidinÄ—s pusÄ—s.</li>
 	<li>Nerekomenduojama balinti.</li>
 	<li>Apdailos detaliÅ³ nelyginti.</li>
 	<li>SudÄ—tis: 80% medvilnÄ—, 20% poliesteris.</li>
 	<li>Iki pirmo skalbimo gali pÅ«kuotis dÅ¾emperio vidinÄ—je pusÄ—je esanti medÅ¾iaga.</li>
</ul>",,publish,,0,"2021-06-14 09:48:49",1,closed,,,,no,no,,69,,,,,,,,instock,no,no,,no,taxable,,,,,,0,0,,,"https://jagelaviciute.lt/wp-content/uploads/2021/06/91129222_1086568665044223_6863364190048878592_n.png ! alt :  ! title : 91129222_1086568665044223_6863364190048878592_n.png ! desc :  ! caption :  | https://jagelaviciute.lt/wp-content/uploads/2021/06/90878718_2982596385133635_3653912090990608384_n.jpg ! alt :  ! title : 90878718_2982596385133635_3653912090990608384_n.jpg ! desc :  ! caption : ",,https://jagelaviciute.lt/produktas/raudonas-unisex-dzemperis-diagnosis-inlove/
"Baltas UNISEX dÅ¾emperis ""I CAN'T LIVE WITHOUT""",baltas-unisex-dzemperis-i-cant-live-without,,1276,"UnikalÅ«s dÅ¾emperiai su AgnÄ—s JagelaviÄiÅ«tÄ—s pieÅ¡tu pieÅ¡iniu.
Limituoto leidimo.
<ul>
 	<li>Skalbti gerÄ…ja puse Ä¯ vidÅ³.</li>
 	<li>Rekomenduojama skalbti 30Â°C temperatÅ«roje.</li>
 	<li>Nerekomenduojama dÅ¾iovinti dÅ¾iovyklÄ—je.</li>
 	<li>Rekomenduojama lyginti iÅ¡ vidinÄ—s pusÄ—s.</li>
 	<li>Nerekomenduojama balinti.</li>
 	<li>Apdailos detaliÅ³ nelyginti.
SudÄ—tis: 80% medvilnÄ—, 20% poliesteris
Iki pirmo skalbimo gali pÅ«kuotis dÅ¾emperio vidinÄ—je pusÄ—je esanti medÅ¾iaga.</li>
</ul>",,publish,,0,"2021-06-14 09:48:49",1,closed,,,,no,no,,69,,,,,,,,instock,no,no,,no,taxable,,,,,,0,0,,,"https://jagelaviciute.lt/wp-content/uploads/2021/06/3cb0093b29d97767f169-scaled-1.jpg ! alt :  ! title : 3cb0093b29d97767f169-scaled-1.jpg ! desc :  ! caption :  | https://jagelaviciute.lt/wp-content/uploads/2021/06/60897578_3001949913156222_7660701469569449984_o.jpg ! alt :  ! title : 60897578_3001949913156222_7660701469569449984_o.jpg ! desc :  ! caption :  | https://jagelaviciute.lt/wp-content/uploads/2021/06/60918425_2999962643354949_7295389650363875328_o.jpg ! alt :  ! title : 60918425_2999962643354949_7295389650363875328_o.jpg ! desc :  ! caption : ",,https://jagelaviciute.lt/produktas/baltas-unisex-dzemperis-i-cant-live-without/
"Baltas UNISEX dÅ¾emperis ""ME WHEN YOU'RE GONE""",baltas-unisex-dzemperis-me-when-youre-gone,,1277,"UnikalÅ«s dÅ¾emperiai su AgnÄ—s JagelaviÄiÅ«tÄ—s pieÅ¡tu pieÅ¡iniu.
Limituoto leidimo.
<ul>
 	<li>Skalbti gerÄ…ja puse Ä¯ vidÅ³.</li>
 	<li>Rekomenduojama skalbti 30Â°C temperatÅ«roje.</li>
 	<li>Nerekomenduojama dÅ¾iovinti dÅ¾iovyklÄ—je.</li>
 	<li>Rekomenduojama lyginti iÅ¡ vidinÄ—s pusÄ—s.</li>
 	<li>Nerekomenduojama balinti.</li>
 	<li>Apdailos detaliÅ³ nelyginti.
SudÄ—tis: 80% medvilnÄ—, 20% poliesteris</li>
</ul>",,publish,,0,"2021-06-14 09:48:49",1,closed,,,,no,no,,79,,,,,,,,instock,no,no,,no,taxable,,,,,,0,0,,,"https://jagelaviciute.lt/wp-content/uploads/2021/06/c1b715be00985dd4f234-scaled-1.jpg ! alt :  ! title : c1b715be00985dd4f234-scaled-1.jpg ! desc :  ! caption :  | https://jagelaviciute.lt/wp-content/uploads/2021/06/c0daad5d2f5ff84e9c53.jpg ! alt :  ! title : c0daad5d2f5ff84e9c53.jpg ! desc :  ! caption :  | https://jagelaviciute.lt/wp-content/uploads/2021/06/54430359_1290635514418906_8641151703342645248_n.jpg ! alt :  ! title : 54430359_1290635514418906_8641151703342645248_n.jpg ! desc :  ! caption : ",,https://jagelaviciute.lt/produktas/baltas-unisex-dzemperis-me-when-youre-gone/
"Balti UNISEX marÅ¡kinÄ—liai ""I CAN'T LIVE WITHOUT""",balti-unisex-marskineliai-i-cant-live-without,,1278,"UnikalÅ«s marÅ¡kinÄ—liai su AgnÄ—s JagelaviÄiÅ«tÄ—s pieÅ¡tu pieÅ¡iniu.
Limituoto leidimo
<ul>
 	<li>Skalbti gerÄ…ja puse Ä¯ vidÅ³.</li>
 	<li>Rekomenduojama skalbti 30Â°C temperatÅ«roje.</li>
 	<li>Nerekomenduojama dÅ¾iovinti dÅ¾iovyklÄ—je.</li>
 	<li>Rekomenduojama lyginti iÅ¡ vidinÄ—s pusÄ—s.</li>
 	<li>Nerekomenduojama balinti.</li>
 	<li>Apdailos detaliÅ³ nelyginti.</li>
 	<li>SudÄ—tis: 100% medvilnÄ—</li>
</ul>",,publish,,0,"2021-06-14 09:48:49",1,closed,,,,no,no,,39,,,,,,,,instock,no,no,,no,taxable,,,,,,0,0,,,"https://jagelaviciute.lt/wp-content/uploads/2021/06/ab56237274410c1b6b2b-scaled-1.jpg ! alt :  ! title : ab56237274410c1b6b2b-scaled-1.jpg ! desc :  ! caption :  | https://jagelaviciute.lt/wp-content/uploads/2021/06/61031257_2997560916928455_7179256376084922368_n.jpg ! alt :  ! title : 61031257_2997560916928455_7179256376084922368_n.jpg ! desc :  ! caption : ",,https://jagelaviciute.lt/produktas/balti-unisex-marskineliai-i-cant-live-without/
"Balti UNISEX marÅ¡kinÄ—liai ""ME WHEN YOU'RE GONE""",balti-unisex-marskineliai-me-when-youre-gone,,1279,"UnikalÅ«s marÅ¡kinÄ—liai su AgnÄ—s JagelaviÄiÅ«tÄ—s pieÅ¡tu pieÅ¡iniu.
Limituoto leidimo
<ul>
 	<li>Skalbti gerÄ…ja puse Ä¯ vidÅ³.</li>
 	<li>Rekomenduojama skalbti 30Â°C temperatÅ«roje.</li>
 	<li>Nerekomenduojama dÅ¾iovinti dÅ¾iovyklÄ—je.</li>
 	<li>Rekomenduojama lyginti iÅ¡ vidinÄ—s pusÄ—s.</li>
 	<li>Nerekomenduojama balinti.</li>
 	<li>Apdailos detaliÅ³ nelyginti.</li>
 	<li>SudÄ—tis: 100% medvilnÄ—</li>
</ul>",,publish,,0,"2021-06-14 09:48:49",1,closed,,,,no,no,,39,,,,,,,,instock,no,no,,no,taxable,,,,,,0,0,,,"https://jagelaviciute.lt/wp-content/uploads/2021/06/770810e848b672d7a50f-scaled-1.jpg ! alt :  ! title : 770810e848b672d7a50f-scaled-1.jpg ! desc :  ! caption :  | https://jagelaviciute.lt/wp-content/uploads/2021/06/188c996189bf76bffbab.jpg ! alt :  ! title : 188c996189bf76bffbab.jpg ! desc :  ! caption :  | https://jagelaviciute.lt/wp-content/uploads/2021/06/54430359_1290635514418906_8641151703342645248_n-1.jpg ! alt :  ! title : 54430359_1290635514418906_8641151703342645248_n-1.jpg ! desc :  ! caption : ",,https://jagelaviciute.lt/produktas/balti-unisex-marskineliai-me-when-youre-gone/
"Pilkas UNISEX dÅ¾emperis ""BOYS WILL BE BOYS""",pilkas-unisex-dzemperis-boys-will-be-boys,,1288,"UnikalÅ«s dÅ¾emperiai su AgnÄ—s JagelaviÄiÅ«tÄ—s pieÅ¡tu pieÅ¡iniu.
Limituoto leidimo.
<ul>
 	<li>Skalbti gerÄ…ja puse Ä¯ vidÅ³.</li>
 	<li>Rekomenduojama skalbti 30Â°C temperatÅ«roje.</li>
 	<li>Nerekomenduojama dÅ¾iovinti dÅ¾iovyklÄ—je.</li>
 	<li>Rekomenduojama lyginti iÅ¡ vidinÄ—s pusÄ—s.</li>
 	<li>Nerekomenduojama balinti.</li>
 	<li>Apdailos detaliÅ³ nelyginti.</li>
 	<li>SudÄ—tis: 70% medvilnÄ—, 20% poliesteris, 10% viskozÄ—</li>
 	<li>Iki pirmo skalbimo gali pÅ«kuotis dÅ¾emperio vidinÄ—je pusÄ—je esanti medÅ¾iaga.</li>
</ul>",,publish,,0,"2021-06-14 09:49:11",1,closed,,,,no,no,,69,,,,,,,,instock,no,no,,no,taxable,,,,,,0,0,,,"https://jagelaviciute.lt/wp-content/uploads/2021/06/18cfaf6db76fc62227ee-scaled-1.jpg ! alt :  ! title : 18cfaf6db76fc62227ee-scaled-1.jpg ! desc :  ! caption :  | https://jagelaviciute.lt/wp-content/uploads/2021/06/58922456_1316848885130902_8640331476258258944_n.jpg ! alt :  ! title : 58922456_1316848885130902_8640331476258258944_n.jpg ! desc :  ! caption :  | https://jagelaviciute.lt/wp-content/uploads/2021/06/59163356_1316848881797569_3684134285498908672_n.jpg ! alt :  ! title : 59163356_1316848881797569_3684134285498908672_n.jpg ! desc :  ! caption :  | https://jagelaviciute.lt/wp-content/uploads/2021/06/58656870_1316848871797570_629879322148077568_n.jpg ! alt :  ! title : 58656870_1316848871797570_629879322148077568_n.jpg ! desc :  ! caption : ",,https://jagelaviciute.lt/produktas/pilkas-unisex-dzemperis-boys-will-be-boys/
"Pilki UNISEX marÅ¡kinÄ—liai ""BOYS WILL BE BOYS""",pilki-unisex-marskineliai-boys-will-be-boys,,1289,"UnikalÅ«s marÅ¡kinÄ—liai su AgnÄ—s JagelaviÄiÅ«tÄ—s pieÅ¡tu pieÅ¡iniu.
Limituoto leidimo
<ul>
 	<li>Skalbti gerÄ…ja puse Ä¯ vidÅ³.</li>
 	<li>Rekomenduojama skalbti 30Â°C temperatÅ«roje.</li>
 	<li>Nerekomenduojama dÅ¾iovinti dÅ¾iovyklÄ—je.</li>
 	<li>Rekomenduojama lyginti iÅ¡ vidinÄ—s pusÄ—s.</li>
 	<li>Nerekomenduojama balinti.</li>
 	<li>Apdailos detaliÅ³ nelyginti.</li>
 	<li>SudÄ—tis: 85% medvilnÄ—, 15% viskozÄ—</li>
</ul>",,publish,,0,"2021-06-14 09:49:11",1,closed,,,,no,no,,39,,,,,,,,instock,no,no,,no,taxable,,,,,,0,0,,,"https://jagelaviciute.lt/wp-content/uploads/2021/06/2c6ebc54e9a9880b9982.jpg ! alt :  ! title : 2c6ebc54e9a9880b9982.jpg ! desc :  ! caption : ",,https://jagelaviciute.lt/produktas/pilki-unisex-marskineliai-boys-will-be-boys/
"Baltas UNISEX dÅ¾emperis ""INSOMNIAKÄ–""",baltas-unisex-dzemperis-insomniake,,1290,"UnikalÅ«s dÅ¾emperiai su AgnÄ—s JagelaviÄiÅ«tÄ—s pieÅ¡tu pieÅ¡iniu.
Limituoto leidimo.
<ul>
 	<li>Skalbti gerÄ…ja puse Ä¯ vidÅ³.</li>
 	<li>Rekomenduojama skalbti 30Â°C temperatÅ«roje.</li>
 	<li>Nerekomenduojama dÅ¾iovinti dÅ¾iovyklÄ—je.</li>
 	<li>Rekomenduojama lyginti iÅ¡ vidinÄ—s pusÄ—s.</li>
 	<li>Nerekomenduojama balinti.</li>
 	<li>Apdailos detaliÅ³ nelyginti.</li>
 	<li>SudÄ—tis: 70% medvilnÄ—, 20% poliesteris, 10% viskozÄ—</li>
</ul>",,publish,,0,"2021-06-14 09:49:11",1,closed,,,,no,no,,69,,,,,,,,instock,no,no,,no,taxable,,,,,,0,0,,,"https://jagelaviciute.lt/wp-content/uploads/2021/06/109324678_3640902169257496_5570388249292784294_n.png ! alt :  ! title : 109324678_3640902169257496_5570388249292784294_n.png ! desc :  ! caption : ",,https://jagelaviciute.lt/produktas/baltas-unisex-dzemperis-insomniake/
"Juodas UNISEX dÅ¾emperis ""INSOMNIAKÄ–""",juodas-unisex-dzemperis-insomniake,,1291,"UnikalÅ«s dÅ¾emperiai su AgnÄ—s JagelaviÄiÅ«tÄ—s pieÅ¡tu pieÅ¡iniu.
Limituoto leidimo.
<ul>
 	<li>Skalbti gerÄ…ja puse Ä¯ vidÅ³.</li>
 	<li>Rekomenduojama skalbti 30Â°C temperatÅ«roje.</li>
 	<li>Nerekomenduojama dÅ¾iovinti dÅ¾iovyklÄ—je.</li>
 	<li>Rekomenduojama lyginti iÅ¡ vidinÄ—s pusÄ—s.</li>
 	<li>Nerekomenduojama balinti.</li>
 	<li>Apdailos detaliÅ³ nelyginti.</li>
 	<li>SudÄ—tis: 70% medvilnÄ—, 20% poliesteris, 10% viskozÄ—</li>
</ul>",,publish,,0,"2021-06-14 09:49:12",1,closed,,,,no,no,,69,,,,,,,,instock,no,no,,no,taxable,,,,,,0,0,,,"https://jagelaviciute.lt/wp-content/uploads/2021/06/108798608_224713715247163_6699785607067830460_n.png ! alt :  ! title : 108798608_224713715247163_6699785607067830460_n.png ! desc :  ! caption :  | https://jagelaviciute.lt/wp-content/uploads/2021/06/Screenshot-2021-01-23-at-11.25.54.png ! alt :  ! title : Screenshot-2021-01-23-at-11.25.54.png ! desc :  ! caption : ",,https://jagelaviciute.lt/produktas/juodas-unisex-dzemperis-insomniake/
"Pledukas ""Vacation mode""",pledukas-vacation-mode,,1292,"Å iltas, minkÅ¡tas daugiafunkcinis pledukas.

IÅ¡orÄ—je minkÅ¡tas Å¡velnus pluoÅ¡tas (Poliesteris 100%), viduje bambuko pamuÅ¡alas, pagaminti rankogaliai iÅ¡ ribo :)",,publish,,0,"2021-06-14 09:49:12",1,closed,pledas,,,no,no,0,99,,,,,,,,outofstock,no,no,,yes,taxable,,,,,,0,0,,,"https://jagelaviciute.lt/wp-content/uploads/2021/06/U0EUli_g.jpeg ! alt :  ! title : U0EUli_g.jpeg ! desc :  ! caption :  | https://jagelaviciute.lt/wp-content/uploads/2021/06/8TyoIl_g-scaled-1.jpeg ! alt :  ! title : 8TyoIl_g-scaled-1.jpeg ! desc :  ! caption : ",,https://jagelaviciute.lt/produktas/pledukas-vacation-mode/
"Rudas pledukas ""Vacation mode""",rudas-pledukas-vacation-mode,,1293,"Å iltas, minkÅ¡tas daugiafunkcinis pledukas.

IÅ¡orÄ—je minkÅ¡tas Å¡velnus pluoÅ¡tas (Poliesteris 100%), viduje bambuko pamuÅ¡alas, pagaminti rankogaliai iÅ¡ ribo :)",,publish,,0,"2021-06-14 09:49:12",1,closed,pledas-1,,,no,no,0,99,,,,,,,,outofstock,no,no,,yes,taxable,,,,,,0,0,,,"https://jagelaviciute.lt/wp-content/uploads/2021/06/agnes-foto_final-scaled-1.jpg ! alt :  ! title : agnes-foto_final-scaled-1.jpg ! desc :  ! caption :  | https://jagelaviciute.lt/wp-content/uploads/2021/06/8TyoIl_g-scaled-1.jpeg ! alt :  ! title : 8TyoIl_g-scaled-1.jpeg ! desc :  ! caption :  | https://jagelaviciute.lt/wp-content/uploads/2021/06/U0EUli_g.jpeg ! alt :  ! title : U0EUli_g.jpeg ! desc :  ! caption : ",,https://jagelaviciute.lt/produktas/rudas-pledukas-vacation-mode/
"Pledukas ""MAMA""",pledukas-mama,,1294,"Å iltas, minkÅ¡tas daugiafunkcinis pledukas. MAMA! Sunku bÅ«tÅ³ rasti prasmingesnÄ¯ Å¾odÄ¯ Å¡iame pasaulyje. NÄ— vieno mÅ«sÅ³ Äia nebÅ«tÅ³, jei ne ji. O kai Å¡Ä¯ Å¾odÄ¯, kad ir ne itin tiksliai, dar virpanÄia rankyte raÅ¡o tas, kuriam Å¡is Å¾odis graÅ¾iausias iÅ¡ visÅ³? AÄiÅ«, MAMOS, kad meile pasidalijote su manimi. Skoloje neliksiu.Â <span class=""pq6dq46d tbxw36s4 knj5qynh kvgmc6g5 ditlmg2l oygrvhab nvdbi5me sf5mxxl7 gl3lb2sf hhz5lgdu""><img src=""https://static.xx.fbcdn.net/images/emoji.php/v9/t3e/3/16/1f5a4.png"" alt=""ğŸ–¤"" width=""16"" height=""16"" /></span>Â Nauja kolekcija â€MAMAâ€œ â€“ jau prekyboje. SiunÄiame Ä¯ uÅ¾sienÄ¯. PrekiÅ³ kiekis ribotas. SudÄ—tis: Dydis : 100% organic medvilnÄ—

IÅ¡orÄ—je Å¡velnus pluoÅ¡tas (bambukas 100%), viduje medvilnÄ—s pamuÅ¡alas, pagaminti rankogaliai iÅ¡ bambuko :)",,publish,,0,"2021-06-14 09:49:12",1,closed,pledas-2,,,no,no,1,99,79,,,,,,,instock,no,no,,yes,taxable,,,,,,0,0,,,"https://jagelaviciute.lt/wp-content/uploads/2021/06/LU_1439-scaled-1.jpg ! alt :  ! title : LU_1439-scaled-1.jpg ! desc :  ! caption :  | https://jagelaviciute.lt/wp-content/uploads/2021/06/LU_1461-scaled-1.jpg ! alt :  ! title : LU_1461-scaled-1.jpg ! desc :  ! caption : ",,https://jagelaviciute.lt/produktas/pledukas-mama/
"OVERSIZE vieno dydÅ¾io MAMA marÅ¡kinÄ—liai",oversize-vieno-dydzio-mama-marskineliai,,1295,"<div>MAMA! Sunku bÅ«tÅ³ rasti prasmingesnÄ¯ Å¾odÄ¯ Å¡iame pasaulyje. NÄ— vieno mÅ«sÅ³ Äia nebÅ«tÅ³, jei ne ji. O kai Å¡Ä¯ Å¾odÄ¯, kad ir ne itin tiksliai, dar virpanÄia rankyte raÅ¡o tas, kuriam Å¡is Å¾odis graÅ¾iausias iÅ¡ visÅ³? AÄiÅ«, MAMOS, kad meile pasidalijote su manimi. Skoloje neliksiu.Â <span class=""pq6dq46d tbxw36s4 knj5qynh kvgmc6g5 ditlmg2l oygrvhab nvdbi5me sf5mxxl7 gl3lb2sf hhz5lgdu""><img src=""https://static.xx.fbcdn.net/images/emoji.php/v9/t3e/3/16/1f5a4.png"" alt=""ğŸ–¤"" width=""16"" height=""16"" /></span> Nauja kolekcija â€MAMAâ€œ â€“ jau prekyboje. SiunÄiame Ä¯ uÅ¾sienÄ¯. PrekiÅ³ kiekis ribotas. SudÄ—tis: Dydis : 100% organic medvilnÄ—.</div>
<div></div>
<div>IÅ¡matavimai:</div>
<div>
<div>Ilgis nugaroje 75cm</div>
<div>Per krÅ«tinÄ™ 65cm x2</div>
</div>",,private,,0,"2021-06-14 09:49:12",1,closed,22,,,no,no,0,49,,,,,,,,outofstock,no,no,,yes,taxable,,,,,,0,0,,,"https://jagelaviciute.lt/wp-content/uploads/2021/06/LU_1358-scaled-1.jpg ! alt :  ! title : LU_1358-scaled-1.jpg ! desc :  ! caption :  | https://jagelaviciute.lt/wp-content/uploads/2021/06/168186340_354050809342078_8060809840479811125_n.jpg ! alt :  ! title : 168186340_354050809342078_8060809840479811125_n.jpg ! desc :  ! caption : ",,https://jagelaviciute.lt/produktas/oversize-vieno-dydzio-mama-marskineliai/
"OVERSIZE vieno dydÅ¾io vaikiÅ¡ki MAMA marÅ¡kinÄ—liai",oversize-vieno-dydzio-vaikiski-mama-marskineliai-2,,1304,"<div>MAMA! Sunku bÅ«tÅ³ rasti prasmingesnÄ¯ Å¾odÄ¯ Å¡iame pasaulyje. NÄ— vieno mÅ«sÅ³ Äia nebÅ«tÅ³, jei ne ji. O kai Å¡Ä¯ Å¾odÄ¯, kad ir ne itin tiksliai, dar virpanÄia rankyte raÅ¡o tas, kuriam Å¡is Å¾odis graÅ¾iausias iÅ¡ visÅ³? AÄiÅ«, MAMOS, kad meile pasidalijote su manimi. Skoloje neliksiu.Â <span class=""pq6dq46d tbxw36s4 knj5qynh kvgmc6g5 ditlmg2l oygrvhab nvdbi5me sf5mxxl7 gl3lb2sf hhz5lgdu""><img src=""https://static.xx.fbcdn.net/images/emoji.php/v9/t3e/3/16/1f5a4.png"" alt=""ğŸ–¤"" width=""16"" height=""16"" /></span>Â Nauja kolekcija â€MAMAâ€œ â€“ jau prekyboje. SiunÄiame Ä¯ uÅ¾sienÄ¯. PrekiÅ³ kiekis ribotas. SudÄ—tis: Dydis : 100% organic medvilnÄ—</div>
<div></div>
<div>IÅ¡matavimai:</div>
<div>Ilgis nugaroje 45cm</div>
<div>Per krÅ«tinÄ™ 42cm x2</div>",,publish,,0,"2021-06-14 09:49:40",1,closed,jb,,,no,no,12,19,,,,,,,,instock,no,no,,yes,taxable,,,,,,0,0,,,"https://jagelaviciute.lt/wp-content/uploads/2021/06/168186340_354050809342078_8060809840479811125_n.jpg ! alt :  ! title : 168186340_354050809342078_8060809840479811125_n.jpg ! desc :  ! caption : ",,https://jagelaviciute.lt/produktas/oversize-vieno-dydzio-vaikiski-mama-marskineliai-2/
"Darbo kalendorius 2021/22 SOLD OUT",darbo-kalendorius-2021-22,,1515,"IÅ¡parduota!
<p class=""p1""><span class=""s1"">365 dienos. Tai â€“ trys Å¡imtai Å¡eÅ¡iasdeÅ¡imt galimybiÅ³ viskÄ… pradÄ—ti iÅ¡ naujo. Visai nesvarbu, kas nutiko vakar â€“ Å¡iandien yra kita diena. NegrauÅ¾k savÄ™s dÄ—l savo nesÄ—kmiÅ³ â€“ uÅ¾sispyrusiu darbu paversk tÄ… nesÄ—kmÄ™ sÄ—kme. UÅ¾teks net nedidelÄ—s disciplinos, kad viskas pavyktÅ³, todÄ—l planuok. Planas padeda susitelkti ir nesiblaÅ¡kyti. Planas padeda susikaupti ir sudrausmina. O toliau, mieloji, viskas â€“ tavo rankose. Tu planuoji, tu neatsikalbinÄ—dama ir neiÅ¡sisukinÄ—dama vykdai, kÄ… suplanavusi, tu neinkÅ¡ti apie ilgas darbo valandas ar orÅ³ atlyginimÄ… ir net nepastebÄ—si, kai danguje ryÅ¡kiai suÅ¾ibÄ—s jau TAVO Å¾vaigÅ¾dÄ—. UÅ¾kariaukime galaktikas kartu. AgnÄ— JagelaviÄiÅ«tÄ—</span></p>
Visi atsakymai Ä¯ iÅ¡kilusius klausimus

 370 683 66 002

 370 604 21 009

<img class=""alignnone wp-image-1554 size-full"" src=""https://jagelaviciute.lt/wp-content/uploads/2021/07/AGNES-DARBO-KNYGOS-MAKETAS-6.png"" alt="""" width=""2912"" height=""3601"" />Tikriausias darbo kalendorius, nes juk DARBO METAI prasideda RUGSÄ–JÄ®. Darbo knygelÄ— sukurta specialiai Jums â€“ su veidrodÄ—liu, kad visada galÄ—tumÄ—te pasidaÅ¾yti ir kiekvienÄ… rytÄ… sau primintumÄ—te, kad esate NUOSTABI.

<img class=""alignnone wp-image-1551 size-full"" src=""https://jagelaviciute.lt/wp-content/uploads/2021/07/AGNES-DARBO-KNYGOS-MAKETAS-3.png"" alt="""" width=""2912"" height=""3601"" />AgnÄ—s JagelaviÄiÅ«tÄ—s citatomis dienos Ä¯kvÄ—pimui, AgnÄ—s JagelaviÄiÅ«tÄ—s kurtais rÅ«bÅ³ dizainais.

<img class=""alignnone wp-image-1552 size-full"" src=""https://jagelaviciute.lt/wp-content/uploads/2021/07/AGNES-DARBO-KNYGOS-MAKETAS-4.png"" alt="""" width=""2912"" height=""3601"" />
<ul>
 	<li style=""text-align: left;"">Kalendoriuje paÅ¾ymÄ—tos visos Lietuvos Å¡ventÄ—s ir kitos atmintinos dienos.</li>
 	<li style=""text-align: left;"">IÅ¡skirtinis dizainas ir medÅ¾iagÅ³ kokybÄ—.</li>
 	<li style=""text-align: left;"">Formatas: 16 cm x 14,5 cm, kietas virÅ¡elis. 320 psl., bet lengvai telpantis bet kurioje JÅ«sÅ³ rankinÄ—je.</li>
 	<li style=""text-align: left;"">Net dvi Å¡ilko juostelÄ—s, skirtos paÅ¾ymÄ—ti svarbiausius puslapius, o priekyje â€“ veidrodÄ—lis priminimui, kokia JÅ«s esate nuostabi.</li>
 	<li style=""text-align: left;"">Auksiniai prieÅ¡lapiai, juodos kiÅ¡enÄ—lÄ—s priekyje ir gale.</li>
 	<li style=""text-align: left;"">AgnÄ—s JagelaviÄiÅ«tÄ—s kurti lipdukai Ä¯simintinoms datoms paÅ¾ymÄ—ti.</li>
 	<li style=""text-align: left;"">AgnÄ—s JagelaviÄiÅ«tÄ—s kurtas mini kalendorius, kad visada bÅ«tÅ³ patogu patikrinti visÄ… informacijÄ….</li>
 	<li style=""text-align: left;"">LaimÄ—s dietos sÄ…raÅ¡ai iÅ¡sipildÅ¾iusiai Tau.</li>
</ul>

<hr />

[3d-flip-book mode=""fullscreen"" id=""1498""][/3d-flip-book]

<hr />

&nbsp;

[caption id=""attachment_1520"" align=""alignleft"" width=""234""]<img class=""wp-image-1520 size-medium"" src=""https://jagelaviciute.lt/wp-content/uploads/2021/07/DARBO-KNYGA-transparent-234x300.png"" alt="""" width=""234"" height=""300"" /> PASIÅªLYMAS IKI 08.01 IÅ ANKSTINÄ–JE PREKYBOJE KAINA 19,99 EUR Nemokamas siuntimas Lietuvoje Nemokama personalizacija[/caption]

[caption id=""attachment_1520"" align=""alignleft"" width=""234""]<img class=""wp-image-1520 size-medium"" src=""https://jagelaviciute.lt/wp-content/uploads/2021/07/DARBO-KNYGA-transparent-234x300.png"" alt="""" width=""234"" height=""300"" /> PASIÅªLYMAS IKI 08.15 IÅ ANKSTINÄ–JE PREKYBOJE KAINA 22,99 EUR Nemokamas siuntimas Lietuvoje Nemokama personalizacija[/caption]

[caption id=""attachment_1520"" align=""alignleft"" width=""234""]<img class=""wp-image-1520 size-medium"" src=""https://jagelaviciute.lt/wp-content/uploads/2021/07/DARBO-KNYGA-transparent-234x300.png"" alt="""" width=""234"" height=""300"" /> PASIÅªLYMAS NUO 08.15 KAINA 24,99 EUR Nemokamas siuntimas Lietuvoje VardinÄ— personalizacija 3 EUR[/caption]

&nbsp;

&nbsp;

&nbsp;

&nbsp;

&nbsp;

&nbsp;

&nbsp;

&nbsp;

&nbsp;

&nbsp;

&nbsp;

<hr />
<p class=""p1"">Kalendoriuje paÅ¾ymÄ—tos visos Lietuvos Å¡ventÄ—s ir kitos atmintinos dienos.</p>
<p class=""p1"">IÅ¡skirtinis dizainas ir medÅ¾iagÅ³ kokybÄ—.</p>
<p class=""p1"">NEMOKAMAS pristatymas visoje Lietuvoje.</p>
Darbo knygos jus pasieks rugsÄ—jo mÄ—nesÄ¯.

Klausimams:<a href=""mailto:orders@jagelaviciute.lt""> orders@jagelaviciute.ltÂ </a>

 370 604 21 009","<p class=""p1""><strong>Juoda maÅ¾a darbo knygelÄ— 2021 â€“ 2022 m. m., kurta AgnÄ—s JagelaviÄiÅ«tÄ—s.</strong></p>",publish,,0,"2021-07-01 11:16:44",1,open,,,,no,no,,22.99,,,,,,,,outofstock,no,no,,no,taxable,,,,,,'-1,'-1,,,"https://jagelaviciute.lt/wp-content/uploads/2021/07/AGNES-DARBO-KNYGOS-MAKETAS-1-copy.png ! alt :  ! title : AGNES-DARBO-KNYGOS-MAKETAS-1 copy ! desc :  ! caption :  | https://jagelaviciute.lt/wp-content/uploads/2021/07/AGNES-DARBO-KNYGOS-MAKETAS-2.png ! alt :  ! title : AGNES DARBO KNYGOS MAKETAS 2 ! desc :  ! caption :  | https://jagelaviciute.lt/wp-content/uploads/2021/07/AGNES-DARBO-KNYGOS-MAKETAS-3.png ! alt :  ! title : AGNES DARBO KNYGOS MAKETAS 3 ! desc :  ! caption :  | https://jagelaviciute.lt/wp-content/uploads/2021/07/AGNES-DARBO-KNYGOS-MAKETAS-4.png ! alt :  ! title : AGNES DARBO KNYGOS MAKETAS 4 ! desc :  ! caption :  | https://jagelaviciute.lt/wp-content/uploads/2021/07/AGNES-DARBO-KNYGOS-MAKETAS-5.png ! alt :  ! title : AGNES DARBO KNYGOS MAKETAS 5 ! desc :  ! caption :  | https://jagelaviciute.lt/wp-content/uploads/2021/07/AGNES-DARBO-KNYGOS-MAKETAS-6.png ! alt :  ! title : AGNES DARBO KNYGOS MAKETAS 6 ! desc :  ! caption : ",,https://jagelaviciute.lt/produktas/darbo-kalendorius-2021-22/
"AgnÄ—s naudotas BURGA telefono dÄ—kliukas Iphone 11 MAX PRO",agnes-naudotas-burga-telefono-dekliukas-iphone-11-max-pro,,3131,,,publish,,0,"2021-07-15 06:38:37",3,open,,,,no,no,1,10,,,,,,,,instock,no,no,,yes,taxable,,,,,,'-1,'-1,,,"https://jagelaviciute.lt/wp-content/uploads/2021/07/IMG_7138.png ! alt :  ! title : IMG_7138 ! desc :  ! caption : ",,https://jagelaviciute.lt/produktas/agnes-naudotas-burga-telefono-dekliukas-iphone-11-max-pro/
"RankÅ³ kremas SETTE FIORI",ranku-kremas-sette-fiori,,3137,,,publish,,0,"2021-07-15 07:25:06",3,open,,,,no,no,0,8,,,,,,,,outofstock,no,no,,yes,taxable,,,,,,'-1,'-1,,,"https://jagelaviciute.lt/wp-content/uploads/2021/07/IMG_7143-removebg-preview.png ! alt :  ! title : IMG_7143-removebg-preview ! desc :  ! caption : ",,https://jagelaviciute.lt/produktas/ranku-kremas-sette-fiori/
"Maisto papildai ZN ir ECOBIOTIC",maisto-papildai-zn-ir-ecobiotic,,3139,,,publish,,0,"2021-07-15 07:29:00",3,open,,,,no,no,1,20,,,,,,,,instock,no,no,,yes,taxable,,,,,,'-1,'-1,,,"https://jagelaviciute.lt/wp-content/uploads/2021/07/IMG_7144-removebg-preview.png ! alt :  ! title : IMG_7144-removebg-preview ! desc :  ! caption : ",,https://jagelaviciute.lt/produktas/maisto-papildai-zn-ir-ecobiotic/
"Marco Tozzi uzdari bateliai 38 dydis",marco-tozzi-uzdari-bateliai-38-dydis,,3213,,,publish,,0,"2021-07-15 10:52:18",3,open,,,,no,no,1,20,,,,,,,,instock,no,no,,yes,taxable,,,,,,'-1,'-1,,,"https://jagelaviciute.lt/wp-content/uploads/2021/07/IMG_7161-removebg-preview.png ! alt :  ! title : IMG_7161-removebg-preview ! desc :  ! caption : ",,https://jagelaviciute.lt/produktas/marco-tozzi-uzdari-bateliai-38-dydis/
"missguided bateliai 37 dydis",missguided-bateliai-37-dydis,,3217,,,publish,,0,"2021-07-15 10:55:18",3,open,,,,no,no,1,20,,,,,,,,instock,no,no,,yes,taxable,,,,,,'-1,'-1,,,"https://jagelaviciute.lt/wp-content/uploads/2021/07/IMG_7160-removebg-preview-1.png ! alt :  ! title : IMG_7160-removebg-preview (1) ! desc :  ! caption : ",,https://jagelaviciute.lt/produktas/missguided-bateliai-37-dydis/
"DOROTHY PERKINS 5 D. BATELIAI",dorothy-perkins-5-d-bateliai,,3221,,,publish,,0,"2021-07-15 10:58:26",3,open,,,,no,no,1,20,,,,,,,,instock,no,no,,yes,taxable,,,,,,'-1,'-1,,,"https://jagelaviciute.lt/wp-content/uploads/2021/07/IMG_7162-removebg-preview.png ! alt :  ! title : IMG_7162-removebg-preview ! desc :  ! caption : ",,https://jagelaviciute.lt/produktas/dorothy-perkins-5-d-bateliai/
"DOVANÅ² KUPONAS",elektroninis-dovanu-kuponas,,4159,"SVARBU: TAI TIK INDIVIDUALUS <strong>ELEKTRONINIS</strong> DOVANÅ² KUPONAS!

PAPILDOMAI TURITE Ä®SIGYTI KNYGELÄ˜!

UÅ¾sisakant papildomoje skiltyje paraÅ¡ykite vardÄ… Å¾mogaus, kuriam priklausys knygelÄ— (tai yra, koks vardas bus Ä¯spaustas), uÅ¾sakymo numerÄ¯ ir el. paÅ¡tÄ…, kokiu iÅ¡siÅ³sti elektroninÄ¯ kuponÄ….",,publish,,0,"2021-07-22 06:31:50",3,open,,,,no,yes,,3,,,,,,,,instock,no,no,,no,taxable,,,,,,'-1,'-1,,,"https://jagelaviciute.lt/wp-content/uploads/2021/07/Screenshot-2021-07-22-at-09.27.05.png ! alt :  ! title : Screenshot 2021-07-22 at 09.27.05 ! desc :  ! caption : ",,https://jagelaviciute.lt/produktas/elektroninis-dovanu-kuponas/
"Tu turi kÄ… apsirengti",tu-turi-ka-apsirengti-2,,5493,"Pavadinimas: Tu turi kÄ… apsirengti
Autorius: AgnÄ— JagelaviÄiÅ«tÄ—
Leidimo metai: 2019
PuslapiÅ³ skaiÄius: 272
ISBN: 978-609-96122-0-1
LeidÄ—jas: Ko nesugeba kiti, UAB
VirÅ¡elio tipas: kietas

<span style=""color: #ff0000;"">Knygos pristatymas:</span>
<span style=""color: #ff0000;"">a) nemokamas Ä¯Â <strong><a style=""color: #ff0000;"" href=""https://www.dpd.com/lt/pradzia/pickup_tinklas2/siuntu_taskai_ir_terminalai"" target=""_blank"" rel=""noopener noreferrer"">DPD Pickup siuntÅ³ taÅ¡kÄ…</a></strong>;</span>
<span style=""color: #ff0000;"">b) Ä¯ namus/biurÄ… Lietuvoje (iÅ¡skyrus NeringÄ…) â€“ tik 2,42 Eur.</span>","StilistÄ—, kostiumÅ³ dailininkÄ—, mados Å¾urnalo â€L'Officiel Lithuania"" vyriausioji redaktorÄ—, interneto ikona, kulinariniÅ³ knygÅ³ autorÄ— bei viena ryÅ¡kiausiÅ³ Ä¯takos darytojÅ³ Lietuvoje pristato knygÄ… apie stiliÅ³ â€Tu turi kÄ… apsirengtiâ€œ. â€œJei, kaip aÅ¡, tiki, kad stilius nepalyginamai svarbiau uÅ¾ madÄ…, jei nori dar kartÄ… prisiminti taisykles, kurias per ilgÄ… laikÄ… sugalvojo Å¾monija, jei nori pasitarti, kuriÅ³ iÅ¡ jÅ³ verta laikytis, o kurios â€“ nevykÄ™s atsitiktinumas, jei nori susitvarkyti savo drabuÅ¾inÄ™ ir susidÄ—lioti akcentus, kad ir vÄ—l nestovÄ—tum kambaryje su krÅ«va drabuÅ¾iÅ³ ant Å¾emÄ—s galvodama, kad ir vÄ—l neturi kÄ… apsirengti, â€“ Å¡i knyga tauâ€, - Ä¯ lengvÄ… pokalbÄ¯ apie stiliÅ³ kvieÄia A. JagelaviÄiÅ«tÄ—.

Knygoje autorÄ— kalba ne apie mados tendencijas, o apie pagrindines stiliaus taisykles â€“ jau egzistuojanÄias ir paÄios sukurtas. Tai ji atskleidÅ¾ia pasakodama apie savo paÄios stiliÅ³, jo paieÅ¡kas, apie tai, kÄ… su kuo derinti ir kaip neleisti pinigÅ³ vÄ—jais, apie Ä¯kvÄ—pimÄ…, apimantÄ¯ atvÄ—rus mamos ar moÄiutÄ—s spintÄ…. Nelieka nepaliestos ir intymios patirtys, susijusios su plastinÄ—mis operacijomis, tatuiruotÄ—mis. Knygoje â€“ ieÅ¡kojimai ir patirtys, atvedusios autorÄ™ Ä¯ sÄ—kmingiausiÅ³jÅ³, populiariausiÅ³jÅ³ bei stilingiausiÅ³jÅ³ gretas.",publish,,0,"2021-08-11 09:31:33",1,closed,,,,no,no,20,21.80,19.50,,230,170,28,,,instock,no,no,,yes,taxable,,,,,,'-1,'-1,,,"https://jagelaviciute.lt/wp-content/uploads/2021/06/knyga_3d_befono.png ! alt :  ! title : knyga_3d_befono.png ! desc :  ! caption :  | https://jagelaviciute.lt/wp-content/uploads/2021/06/knyga_cover_FINAL.png ! alt :  ! title : knyga_cover_FINAL.png ! desc :  ! caption : ",,https://jagelaviciute.lt/produktas/tu-turi-ka-apsirengti-2/
